호선,역사명,미세먼지(PM10),이산화탄소(CO2),포름알데히드(HCHO),일산화탄소(CO),avg_congestion,freq
1,서울역1,76.4,627,16.4,0.6,29.56994686994687,86.0
1,시청1,100.7,610,17.8,1.0,28.223331023331028,86.0
1,종각,99.8,687,20.5,0.9,27.584673134673135,86.0
1,종로3가1,105.3,646,20.6,1.3,27.855809655809654,86.0
1,종로5가,99.4,532,16.4,1.1,27.92685377685378,86.0
1,동대문1,99.5,561,17.2,1.1,27.170743820743823,86.0
1,동묘앞,87.4,567,15.9,1.1,25.964553014553015,86.0
1,신설동1,98.5,511,11.2,1.1,24.71832986832987,86.0
1,제기동,97.8,497,13.7,0.8,22.73827673827674,86.0
1,청량리,91.5,550,14.4,0.7,19.84901824901825,86.0
2,시청2,109.3,558,10.0,1.0,36.489027489027485,954.0
2,을지로입구,81.2,559,9.9,1.0,35.596350196350194,954.0
2,을지로3가2,94.2,592,13.4,0.9,34.34434049434049,954.0
2,을지로4가,67.0,626,9.6,0.8,33.7491452991453,954.0
2,동대문역사문화공원2,89.9,572,7.9,1.3,36.11799491799491,954.0
2,신당,95.8,563,7.5,1.1,38.519415569415564,954.0
2,상왕십리,82.0,477,10.6,0.8,38.50779625779626,954.0
2,왕십리,85.9,562,16.0,0.6,34.063952413952414,954.0
2,잠실,88.5,667,15.8,0.8,31.87465927465927,954.0
2,신천,77.7,463,13.1,0.5,32.86053361053361,954.0
2,종합운동장,97.0,453,13.2,0.5,32.399526449526455,954.0
2,삼성,92.2,520,17.2,0.5,33.92097482097482,954.0
2,선릉,92.9,580,16.5,1.0,39.519635019635025,954.0
2,역삼,81.6,584,18.0,1.1,44.68978978978979,954.0
2,강남,78.2,736,24.3,1.0,47.996188496188495,954.0
2,교대2,83.4,639,17.8,0.6,50.81063756063756,954.0
2,서초,92.8,479,14.9,0.5,50.61321321321321,954.0
2,방배,93.3,513,15.3,0.6,50.258523908523905,954.0
2,사당2,87.8,605,9.3,1.3,49.610221760221755,954.0
2,낙성대,89.9,492,7.6,1.1,47.52993762993763,954.0
2,서울대입구,86.5,481,7.2,1.0,44.38754908754908,954.0
2,봉천,81.4,447,6.8,1.0,42.01337491337491,954.0
2,신림,93.0,571,5.5,0.9,40.078309078309076,954.0
2,신도림,73.2,498,9.1,0.9,39.28960498960499,954.0
2,문래,86.8,460,12.5,1.0,40.96709401709401,954.0
2,영등포구청,96.5,520,11.6,0.7,40.47040887040887,954.0
2,합정,91.4,620,14.7,1.0,39.016724416724415,954.0
2,홍대입구,84.3,740,30.5,1.3,36.63850773850774,954.0
2,신촌,90.9,568,9.2,0.9,,954.0
2,이대,88.0,595,17.2,1.1,36.052125202125204,954.0
2,아현,91.6,555,12.2,0.9,36.60095865095865,954.0
2,충정로,93.2,639,13.4,1.1,36.94881034881035,954.0
2,도림천,74.6,438,6.8,0.5,32.57337722337722,954.0
2,양천구청,72.5,424,8.8,0.8,29.31695541695542,954.0
2,신정네거리,101.9,463,12.0,1.1,22.5467197967198,954.0
2,신설동2,70.1,476,15.8,0.6,5.0428043428043425,954.0
2,용두,68.9,446,11.8,0.6,10.509424809424809,954.0
3,구파발,87.2,452,10.1,0.8,19.856294756294755,272.0
3,연신내,105.1,491,8.6,0.9,23.387964887964888,272.0
3,불광,95.2,507,11.4,0.9,28.168295218295217,272.0
3,녹번,84.4,518,15.7,0.8,29.444502194502196,272.0
3,홍제,95.9,603,12.7,1.1,31.52042042042042,272.0
3,무악재,101.3,483,13.9,0.8,32.94675444675445,272.0
3,독립문,99.0,536,13.8,0.9,33.602910602910605,272.0
3,경복궁,88.4,544,16.8,1.0,36.50313005313006,272.0
3,안국,78.4,522,24.3,1.0,40.138438438438435,272.0
3,종로3가3,108.1,615,13.9,1.0,38.382062832062836,272.0
3,을지로3가3,85.2,613,10.2,0.7,33.92023562023562,272.0
3,충무로3,101.3,554,7.1,0.8,34.72664587664587,272.0
3,동대입구,91.9,475,12.8,0.8,35.85274890274891,272.0
3,약수,101.5,583,8.9,0.9,37.664541464541465,272.0
3,금호,86.0,472,12.2,0.7,39.76264726264726,272.0
3,압구정,88.5,504,6.9,0.7,41.8927927927928,272.0
3,신사,96.2,535,7.4,0.7,42.057495957495966,272.0
3,잠원,74.6,435,6.1,0.8,42.774832524832526,272.0
3,고속터미널,79.1,684,14.6,0.9,44.82182952182952,272.0
3,교대3,90.9,621,6.8,0.9,42.431970431970434,272.0
3,남부터미널,85.0,487,8.9,0.9,34.58771078771078,272.0
3,양재,88.1,560,8.6,0.7,25.227962577962575,272.0
3,매봉,72.3,535,6.7,0.6,18.496511896511898,272.0
3,도곡,94.6,556,6.1,0.7,16.754516054516056,272.0
3,대치,82.0,526,9.2,0.4,14.406964656964659,272.0
3,학여울,73.5,447,6.6,0.5,13.394975744975744,272.0
3,대청,91.2,477,7.2,0.5,12.609089859089858,272.0
3,일원,81.4,478,5.7,0.5,11.209886809886811,272.0
3,수서,82.9,504,9.0,0.6,10.164310464310464,272.0
3,가락시장,96.3,476,10.1,0.5,8.793520443520443,272.0
3,경찰병원,70.7,417,11.9,0.5,6.122115384615384,272.0
3,오금,72.4,439,6.1,0.5,2.697542735042735,272.0
4,쌍문,94.0,501,5.7,0.8,25.043528143528146,307.0
4,수유,88.1,508,6.1,0.8,28.936613536613535,307.0
4,미아,86.7,492,7.2,0.6,31.696615846615845,307.0
4,미아사거리,88.1,441,6.0,0.5,,307.0
4,길음,82.4,454,4.3,0.6,36.85652575652575,307.0
4,성신여대입구,92.6,534,11.8,0.7,40.37932547932547,307.0
4,한성대입구,88.7,557,16.7,0.9,43.17754677754678,307.0
4,혜화,92.3,550,4.4,0.6,47.19289674289674,307.0
4,동대문4,90.4,716,12.9,0.9,50.54034419034419,307.0
4,동대문역사문화공원4,86.3,591,10.4,0.7,45.902079002079,307.0
4,충무로4,94.2,673,10.5,0.9,38.836532686532685,307.0
4,명동,94.0,718,16.8,1.1,35.89317394317394,307.0
4,회현,84.8,668,16.2,1.0,34.13795333795334,307.0
4,서울역4,87.7,722,17.6,1.0,30.07281127281127,307.0
4,숙대입구,93.0,480,15.1,0.8,25.760591360591363,307.0
4,삼각지,94.1,503,10.9,0.9,26.719253869253873,307.0
4,신용산,92.6,505,15.7,1.0,27.692515592515594,307.0
4,이촌,89.3,576,16.6,1.0,29.115257565257565,307.0
4,총신대입구,94.0,563,15.4,1.0,32.262872487872485,307.0
4,사당4,98.9,586,13.4,0.9,30.71483021483022,307.0
4,남태령,96.8,418,7.2,0.7,50.122314622314626,307.0
5,방 화,59.7,462,8.9,0.9,1.2042388542388542,438.0
5,개화산,65.6,433,9.3,0.9,3.31990066990067,438.0
5,김포공항,74.8,556,18.4,0.9,6.605416955416956,438.0
5,송정,69.1,507,10.8,1.0,9.875213675213676,438.0
5,마곡,64.8,443,9.8,0.8,11.160903210903212,438.0
5,발산,76.0,464,9.9,0.9,13.406675906675908,438.0
5,우장산,79.4,483,13.1,1.2,16.46118041118041,438.0
5,화곡,78.2,523,14.6,1.1,20.39904134904135,438.0
5,까치산,63.3,527,9.4,1.1,23.072915222915224,438.0
5,신정,59.0,493,9.7,0.9,24.4986832986833,438.0
5,목동,71.3,497,12.1,1.1,26.99360129360129,438.0
5,오목교,56.3,605,35.2,1.1,30.323850773850776,438.0
5,양평,80.2,522,10.2,1.1,32.735366135366135,438.0
5,영등포구청,82.7,568,16.6,1.1,28.87119427119427,438.0
5,영등포시장,77.9,492,9.9,0.9,24.65672210672211,438.0
5,신길,70.4,558,13.6,1.0,25.890378840378844,438.0
5,여의도,81.3,550,9.2,0.9,26.804862554862556,438.0
5,여의나루,71.0,526,5.4,1.0,26.754908754908755,438.0
5,마포,67.6,554,9.8,1.1,26.95058905058905,438.0
5,공덕,83.1,557,9.7,1.1,26.611884961884968,438.0
5,애오개,81.0,594,14.7,1.2,26.02079002079002,438.0
5,충정로,75.9,622,9.5,1.2,25.75636405636406,438.0
5,서대문,81.0,529,14.2,1.2,25.620766920766922,438.0
5,광화문,80.4,516,15.6,1.1,25.91638946638947,438.0
5,종로3가,85.1,554,27.7,1.2,24.983160083160083,438.0
5,을지로4가,66.8,531,15.4,1.4,23.452171402171402,438.0
5,동대문역사문화공원,94.5,536,17.8,1.3,23.397724647724644,438.0
5,청구,78.8,504,10.0,1.3,24.776126126126126,438.0
5,신금호,68.5,491,13.4,1.2,25.672453222453218,438.0
5,행당,81.7,545,11.3,1.2,25.575317625317627,438.0
5,왕십리,88.0,561,15.2,1.2,28.00224070224071,438.0
5,마장,75.3,620,10.5,1.5,30.68717948717949,438.0
5,답십리,74.5,644,13.7,1.3,29.989166089166087,438.0
5,장한평,84.3,622,9.5,1.1,29.405289905289905,438.0
5,군자,88.5,679,13.4,1.2,32.55100485100485,438.0
5,아차산,62.0,545,8.6,0.9,34.904331254331254,438.0
5,광나루,73.9,554,11.9,0.9,33.500693000693,438.0
5,천호,69.8,546,11.8,1.1,29.774393624393625,438.0
5,강동,76.7,611,12.3,1.0,20.571228921228922,438.0
5,길동,85.5,573,7.8,0.9,26.9488218988219,438.0
5,굽은다리,66.9,624,9.3,0.9,22.334961884961885,438.0
5,명일,71.6,619,7.1,1.0,16.944051744051745,438.0
5,고덕,80.3,631,6.3,1.0,11.520328020328021,438.0
5,상일동,90.3,625,9.4,0.9,4.401570801570802,438.0
5,둔촌동,83.7,638,11.5,1.0,23.03878493878494,438.0
5,올림픽공원,84.6,654,7.9,1.1,,438.0
5,방이,91.3,633,8.4,1.1,18.27154077154077,438.0
5,오금,68.8,619,10.2,1.1,15.462762762762765,438.0
5,개롱,68.2,616,8.9,0.9,11.173180873180874,438.0
5,거여,77.0,669,12.9,1.2,5.968526218526218,438.0
5,마천,76.1,598,14.7,1.0,1.7629591129591133,438.0
6,응암,73.2,451,7.4,0.9,18.056687456687456,330.0
6,역촌,84.0,443,9.6,0.8,12.449497574497574,330.0
6,불광,90.7,479,9.6,0.9,7.439483714483716,330.0
6,독바위,96.5,453,12.4,0.8,7.243762993762994,330.0
6,연신내,79.3,502,12.6,0.9,11.74475051975052,330.0
6,구산,76.6,486,12.8,1.0,12.370183645183644,330.0
6,새절,87.4,568,9.5,0.8,20.9997227997228,330.0
6,증산,82.8,501,33.3,0.9,23.648925848925852,330.0
6,디지털미디어시티,72.6,441,17.1,0.8,24.76285516285516,330.0
6,월드컵경기장,95.0,431,8.8,0.9,24.64147609147609,330.0
6,마포구청,92.7,465,9.9,1.0,26.388831138831137,330.0
6,망원,96.4,497,12.5,1.2,29.15075075075075,330.0
6,합정,85.7,501,10.0,1.2,25.48258258258258,330.0
6,상수,101.6,519,12.7,1.4,19.621575421575425,330.0
6,광흥창,89.5,489,10.0,1.2,19.814010164010163,330.0
6,대흥,101.3,532,10.6,1.3,20.09326634326634,330.0
6,공덕,116.2,498,12.9,0.9,22.419323169323167,330.0
6,효창공원앞,106.9,473,9.7,1.1,24.534141834141835,330.0
6,삼각지,103.6,492,10.0,0.8,23.91149226149226,330.0
6,녹사평,92.0,469,10.6,1.0,22.588911988911992,330.0
6,이태원,112.6,507,11.8,1.1,21.93708708708709,330.0
6,한강진,93.8,431,11.5,0.9,21.623019173019173,330.0
6,버티고개,116.2,499,10.9,1.1,21.81597366597366,330.0
6,약수,114.9,542,9.1,1.1,23.34728574728575,330.0
6,청구,74.3,490,10.8,1.6,24.58023793023793,330.0
6,신당,67.9,496,26.6,1.3,26.565453915453915,330.0
6,동묘앞,61.3,508,11.3,1.5,28.99159159159159,330.0
6,창신,93.9,490,11.6,1.1,29.113363363363362,330.0
6,보문,74.7,539,12.6,1.3,27.83869253869254,330.0
6,안암,67.9,555,11.2,1.4,24.833968583968584,330.0
6,고려대,64.1,472,16.2,0.8,21.613594363594363,330.0
6,월곡,76.3,486,11.3,1.0,20.10024255024255,330.0
6,상월곡,86.7,517,20.0,1.1,17.272961422961423,330.0
6,돌곶이,70.1,506,10.4,1.0,16.146477246477247,330.0
6,석계,86.7,478,22.4,0.9,15.456248556248555,330.0
6,태릉입구,83.6,492,10.1,1.0,11.5513629013629,330.0
6,화랑대,67.7,474,11.3,0.8,6.007472857472858,330.0
6,봉화산,73.9,477,8.3,0.8,1.8255717255717254,330.0
7,수락산,93.0,610,14.2,1.0,11.547828597828598,420.0
7,마들,80.2,629,14.3,1.0,15.014991914991915,420.0
7,노원,76.5,673,10.5,1.1,19.730896280896282,420.0
7,중계,76.6,679,10.0,1.1,24.3031416031416,420.0
7,하계,81.0,686,9.0,1.1,27.28995148995149,420.0
7,공릉,69.4,635,9.3,1.1,29.90781935781936,420.0
7,태릉입구,76.3,643,14.5,1.3,30.899803649803648,420.0
7,먹골,66.4,706,15.7,1.2,31.752425502425506,420.0
7,중화,93.1,667,11.3,1.2,33.17592977592978,420.0
7,상봉,78.8,710,15.9,1.2,35.53555093555094,420.0
7,면목,60.4,672,10.7,1.3,38.12643797643798,420.0
7,사가정,72.9,728,12.0,1.0,39.820050820050824,420.0
7,용마산,80.4,642,12.1,1.0,41.24577269577269,420.0
7,중곡,63.2,598,12.5,1.0,42.59899514899515,420.0
7,군자,70.0,715,11.9,1.0,43.29527604527605,420.0
7,어린이대공원,69.3,669,10.4,0.9,43.82692307692307,420.0
7,건대입구,64.6,754,15.1,1.0,40.16492261492261,420.0
7,청담,60.4,649,16.2,1.0,36.26488796488797,420.0
7,강남구청,72.1,633,14.8,1.0,35.52307692307692,420.0
7,학동,87.8,708,25.7,1.3,35.26711711711712,420.0
7,논현,86.8,655,24.3,1.3,35.172106722106726,420.0
7,반포,62.4,621,13.4,1.1,34.9080388080388,420.0
7,고속터미널,67.6,728,18.5,1.2,37.00255255255255,420.0
7,내방,61.1,603,13.7,1.1,38.78709863709864,420.0
7,이수,69.1,664,15.3,1.2,,420.0
7,남성,68.2,616,12.1,1.0,34.26923076923077,420.0
7,숭실대입구,63.5,591,16.3,1.0,32.14229614229614,420.0
7,상도,71.7,561,11.5,1.0,30.247967197967196,420.0
7,장승배기,61.3,591,11.6,1.1,29.017659967659966,420.0
7,신대방삼거리,85.9,542,14.6,1.2,27.736382536382532,420.0
7,보라매,86.3,519,36.9,1.0,26.742504042504038,420.0
7,신풍,89.4,578,15.7,1.3,26.557611457611458,420.0
7,대림,90.8,616,17.8,1.2,30.344686994686995,420.0
7,남구로,66.8,570,22.8,1.3,33.30706860706861,420.0
7,가산디지털단지,79.1,560,19.7,1.0,34.82989142989143,420.0
7,철산,70.5,559,15.6,1.1,33.11828366828367,420.0
7,광명사거리,72.2,570,17.2,1.3,28.474855624855625,420.0
7,천왕,110.5,570,20.1,1.1,25.041626241626236,420.0
7,온수,75.2,464,14.5,0.9,21.994271194271192,420.0
7,까치울,87.7,563,13.6,1.2,36.76126126126126,420.0
7,부천종합운동장,67.5,457,13.0,0.9,35.52823977823978,420.0
7,춘의,85.1,466,11.1,1.0,33.71699006699007,420.0
7,신중동,79.6,514,23.4,0.9,31.49677754677755,420.0
7,부천시청,78.5,462,14.7,0.9,28.973665973665973,420.0
7,상동,83.5,500,12.6,0.9,26.33118503118503,420.0
7,삼산체육관,66.3,478,23.0,1.0,23.996777546777547,420.0
7,굴포천,61.4,451,12.7,0.8,21.164576114576114,420.0
7,부평구청,67.8,497,16.0,0.8,9.71856086856087,420.0
8,암사,76.2,654,10.8,1.0,5.394513744513745,282.0
8,천호,71.8,549,10.9,0.8,19.994837144837145,282.0
8,강동구청,71.5,602,8.4,1.0,30.652333102333102,282.0
8,몽촌토성,66.5,625,11.4,1.1,32.50957495957496,282.0
8,잠실,73.0,673,14.5,1.0,38.67456687456687,282.0
8,석촌,85.1,636,10.4,1.0,45.479591129591135,282.0
8,송파,72.1,644,11.6,1.1,46.267763917763915,282.0
8,가락시장,83.8,649,8.6,1.0,43.459794409794405,282.0
8,문정,78.6,676,6.4,1.2,39.347909447909444,282.0
8,장지,66.7,586,23.6,0.9,33.79035574035574,282.0
8,복정,80.0,628,7.3,1.0,24.576518826518832,282.0
8,산성,60.0,568,6.9,0.9,16.354504504504504,282.0
8,남한산성입구,71.2,664,9.6,1.1,13.74133749133749,282.0
8,단대오거리,68.9,638,11.3,1.0,10.366608916608916,282.0
8,신흥,76.9,673,27.2,1.2,8.00940170940171,282.0
8,수진,61.0,630,12.5,1.2,7.222014322014322,282.0
8,모란,76.1,643,8.1,1.1,3.326033726033726,282.0
